{
    "best-epoch": 38,
    "val_one_hot_mean_io_u": 0.4413030445575714,
    "accuracy": 0.8968422412872314,
    "dice_coefficient": 0.8516945838928223
}