{
    "best-epoch": 68,
    "val_one_hot_mean_io_u": 0.535628080368042,
    "accuracy": 0.9267220497131348,
    "dice_coefficient": 0.8928772211074829
}